{"cameraMode":{"drawMode":0,"name":"Shaded","section":"Shading Mode"},"sceneLighting":true,"audioPlay":false,"sceneViewState":{"m_AlwaysRefresh":false,"showFog":true,"showSkybox":true,"showFlares":true,"showImageEffects":true,"showParticleSystems":true,"showVisualEffectGraphs":true,"m_FxEnabled":true},"in2DMode":false,"pivot":{"x":668.0294189453125,"y":434.1531677246094,"z":-222.10092163085938},"rotation":{"x":0.15951572358608247,"y":0.0074016940779984,"z":-0.0012008940102532507,"w":0.9871974587440491},"size":253.168701171875,"orthographic":false}