{"cameraMode":{"drawMode":0,"name":"Shaded","section":"Shading Mode"},"sceneLighting":true,"audioPlay":false,"sceneViewState":{"m_AlwaysRefresh":false,"showFog":true,"showSkybox":true,"showFlares":true,"showImageEffects":true,"showParticleSystems":true,"showVisualEffectGraphs":true,"m_FxEnabled":true},"in2DMode":false,"pivot":{"x":685.0120239257813,"y":215.5367431640625,"z":29.62066078186035},"rotation":{"x":-0.013720707967877388,"y":-0.10629403591156006,"z":-0.001480681705288589,"w":0.9942741394042969},"size":311.1646423339844,"orthographic":false}