{"cameraMode":{"drawMode":0,"name":"Shaded","section":"Shading Mode"},"sceneLighting":true,"audioPlay":false,"sceneViewState":{"m_AlwaysRefresh":false,"showFog":true,"showSkybox":true,"showFlares":true,"showImageEffects":true,"showParticleSystems":true,"showVisualEffectGraphs":true,"m_FxEnabled":true},"in2DMode":false,"pivot":{"x":702.7056274414063,"y":466.8995361328125,"z":-258.5238342285156},"rotation":{"x":0.15005935728549958,"y":-0.0859038233757019,"z":0.013083897531032563,"w":0.9848803877830505},"size":184.14010620117188,"orthographic":false}