{"cameraMode":{"drawMode":0,"name":"Shaded","section":"Shading Mode"},"sceneLighting":true,"audioPlay":false,"sceneViewState":{"m_AlwaysRefresh":false,"showFog":true,"showSkybox":true,"showFlares":true,"showImageEffects":true,"showParticleSystems":true,"showVisualEffectGraphs":true,"m_FxEnabled":true},"in2DMode":false,"pivot":{"x":627.9351806640625,"y":337.59649658203127,"z":28.354475021362306},"rotation":{"x":-0.009597628377377987,"y":0.02009376510977745,"z":-0.00022127677220851183,"w":-0.9998172521591187},"size":226.4962158203125,"orthographic":false}